metric,score
success_1,0.03333333333333333
success_5,0.16666666666666666
success_10,0.3333333333333333
success_100,0.6666666666666666
