metric,score
success_1,0.0003479471120389701
success_5,0.0017397355601948504
success_10,0.0048712595685455815
success_100,0.029923451635351428
success_500,0.13187195546276967
success_1000,0.23764787752261657
success_2000,0.38413361169102295
success_5000,0.5601948503827419
success_10000,0.7369519832985386
success_15000,0.8827418232428671
success_20000,0.999652052887961
