metric,score
success_1,0.0
success_5,0.0
success_10,0.0
success_100,0.028368794326241134
success_500,0.22695035460992907
success_1000,0.2765957446808511
success_2000,0.3971631205673759
