metric,score
success_1,0.0
success_5,0.0
success_10,0.0
success_100,0.0425531914893617
success_500,0.20567375886524822
success_1000,0.2553191489361702
success_2000,0.3900709219858156
