,success_1,success_5,success_10,success_100
lda.gensim.dynaernn,0.03333333333333333,0.16666666666666666,0.3333333333333333,0.6666666666666666
lda.gensim.dynae,0.03333333333333333,0.16666666666666666,0.3333333333333333,0.6666666666666666
