,success_1,success_5,success_10,success_100,success_500,success_1000,success_2000
lda.random,0.0,0.0,0.0,0.0283687943262411,0.2198581560283688,0.2624113475177305,0.4042553191489361
lda.RecurrentGCN,0.0,0.0,0.0,0.0425531914893617,0.2056737588652482,0.2553191489361702,0.3900709219858156
gsdmm.random,0.0,0.0,0.0,0.0283687943262411,0.226950354609929,0.2765957446808511,0.3971631205673759
gsdmm.RecurrentGCN,0.0,0.0,0.0,0.0425531914893617,0.1985815602836879,0.2553191489361702,0.3829787234042553
