,success_1,success_5,success_10,success_100
gsdmm.DynAE,0.016666666666666666,0.08333333333333333,0.15,0.15
gsdmm.DynAERNN,0.0,0.0,0.0,0.0
LDA.DynAE,0.03333333333333333,0.16666666666666666,0.3333333333333333,0.6666666666666666
LDA.DynAERNN,0.05,0.25,0.5,1.0
