metric,score
success_1,0.0
success_5,0.0
success_10,0.0
success_100,0.0425531914893617
success_500,0.19858156028368795
success_1000,0.2553191489361702
success_2000,0.3829787234042553
