metric,score
success_1,0.0
success_5,0.0
success_10,0.0
success_100,0.028368794326241134
success_500,0.2198581560283688
success_1000,0.2624113475177305
success_2000,0.40425531914893614
