metric,score
success_1,0.0
success_5,0.0
success_10,0.0
success_100,0.0033927056827820186
success_500,0.02205258693808312
success_1000,0.05089058524173028
success_2000,0.10432569974554708
success_5000,0.38676844783715014
success_10000,0.5521628498727735
success_15000,0.6590330788804071
success_20000,0.7989821882951654
success_26447,1.0
