metric,score
success_1,0.016666666666666666
success_5,0.08333333333333333
success_10,0.15
success_100,0.15
